kategori,library,n,fitness_rata2,fitness_std,durasi_rata2_detik
Intermediate,PyGAD,6,18.625,8.60196198550075,1.013846516609192
Intermediate,DEAP,6,18.625,8.60196198550075,0.2677605946858724
Tipe Pagi,PyGAD,13,17.685897435897434,10.669983959327572,1.1063481477590709
Tipe Pagi,DEAP,13,17.589743589743588,10.57422297832997,0.2834321718949538
